[
{"city": "New York", "endTime": "8:00 pm", "description": "Esperanza Cort\u00e9s\u2019 work encourages viewers to reconsider social and historical narratives dealing with colonialism, and raises critical questions about the politics of erasure and exclusion.", "eventTlink": "http://www.twitter.com/madmuseum", "eventIlink": "http://instagram.com/madmuseum", "startTime": "3:00 pm", "title": "Esperanza Corts ", "dateFrom": "01/02/2018", "zipCode": "10019", "state": "NY", "street": "2 COLUMBUS CIRCLE", "ticketUrl": " ", "In_group_id": " ", "organization": "the museum of arts and design", "eventWebsite": "http://madmuseum.org/learn/esperanza-cort%C3%A9s", "eventFlink": "http://www.facebook.com/madmuseum", "eventImage": "http://madmuseum.org/sites/default/files/styles/cal_event/public/static/ed/ECorte%CC%81s_La%20Corodobe%CC%81sa.jpg?itok=vycUToPh", "room": " "},
{"city": "New York", "endTime": " ", "description": ".", "eventTlink": "http://www.twitter.com/madmuseum", "eventIlink": "http://instagram.com/madmuseum", "startTime": " ", "title": "Members | Curator-led Tour ", "dateFrom": " ", "zipCode": "10019", "state": "NY", "street": "2 COLUMBUS CIRCLE", "ticketUrl": " ", "In_group_id": " ", "organization": "the museum of arts and design", "eventWebsite": "http://madmuseum.org/events/curator-led-tour-0", "eventFlink": "http://www.facebook.com/madmuseum", "eventImage": "http://madmuseum.org/sites/default/files/styles/cal_event/public/2018/01/hero-v3.jpg?itok=VOEjVYFP", "room": " "},
{"city": "New York", "endTime": " ", "description": "Work with artist Heejung Cho to explore the meaning of sanctuary, in conjunction with the new exhibition ", "eventTlink": "http://www.twitter.com/madmuseum", "eventIlink": "http://instagram.com/madmuseum", "startTime": " ", "title": "MADmakes | MADmakes", "dateFrom": " ", "zipCode": "10019", "state": "NY", "street": "2 COLUMBUS CIRCLE", "ticketUrl": " ", "In_group_id": " ", "organization": "the museum of arts and design", "eventWebsite": "http://madmuseum.org/events/madmakes", "eventFlink": "http://www.facebook.com/madmuseum", "eventImage": "http://madmuseum.org/sites/default/files/styles/cal_event/public/2018/01/MAD_120717_HB-6814.jpg?itok=nELGgoGQ", "room": "6th floor at MAD"},
{"city": "New York", "endTime": "8:00 pm", "description": "is a durational performance featuring ", "eventTlink": "http://www.twitter.com/madmuseum", "eventIlink": "http://instagram.com/madmuseum", "startTime": "6:30 pm", "title": "Studio Sundays | Studio Sunday", "dateFrom": "08/02/2018", "zipCode": "10019", "state": "NY", "street": "2 COLUMBUS CIRCLE", "ticketUrl": " ", "In_group_id": " ", "organization": "the museum of arts and design", "eventWebsite": "http://madmuseum.org/events/studio-sunday-80", "eventFlink": "http://www.facebook.com/madmuseum", "eventImage": "http://madmuseum.org/sites/default/files/styles/cal_event/public/2018/01/FebStudioSunday.jpg?itok=ym-LUO0T", "room": "6th floor - classroom at MAD"},
{"city": "New York", "endTime": "1:00 pm", "description": "Her artwork examines the extent to which a consciousness, national or personal...", "eventTlink": "http://www.twitter.com/madmuseum", "eventIlink": "http://instagram.com/madmuseum", "startTime": "10:00 am", "title": "Performance | Polyphonic Overground", "dateFrom": "04/02/2018", "zipCode": "10019", "state": "NY", "street": "2 COLUMBUS CIRCLE", "ticketUrl": " ", "In_group_id": " ", "organization": "the museum of arts and design", "eventWebsite": "http://madmuseum.org/events/polyphonic-overground", "eventFlink": "http://www.facebook.com/madmuseum", "eventImage": "http://madmuseum.org/sites/default/files/styles/cal_event/public/2018/01/1-NIC.jpg?itok=B5g3l5DS", "room": "2nd floor galleries at MAD"},
{"city": "New York", "endTime": " ", "description": ".", "eventTlink": "http://www.twitter.com/madmuseum", "eventIlink": "http://instagram.com/madmuseum", "startTime": " ", "title": "Members | Studio Visit with Andrew Erdos", "dateFrom": " ", "zipCode": "10019", "state": "NY", "street": "2 COLUMBUS CIRCLE", "ticketUrl": " ", "In_group_id": " ", "organization": "the museum of arts and design", "eventWebsite": "http://madmuseum.org/events/studio-visit-andrew-erdos", "eventFlink": "http://www.facebook.com/madmuseum", "eventImage": "http://madmuseum.org/sites/default/files/styles/cal_event/public/2018/01/erdos.jpg?itok=ftPHOwd7", "room": " "},
{"city": "New York", "endTime": "7:00 pm", "description": ", installed on the Museum\u2019s second floor as part of ", "eventTlink": "http://www.twitter.com/madmuseum", "eventIlink": "http://instagram.com/madmuseum", "startTime": "6:00 pm", "title": "Performance | Julianne Swartzs Sine Body with Estel Gomez", "dateFrom": "13/02/2018", "zipCode": "10019", "eventPrice": "\n\t$20\n", "state": "NY", "street": "2 COLUMBUS CIRCLE", "ticketUrl": "https://www.eventbrite.com/e/performance-julianne-swartzs-sine-body-with-esteli-gomez-tickets-42581397105", "In_group_id": " ", "organization": "the museum of arts and design", "eventWebsite": "http://madmuseum.org/events/julianne-swartz%E2%80%99s-%E2%80%98sine-body%E2%80%99-estel%C3%AD-gomez", "eventFlink": "http://www.facebook.com/madmuseum", "eventImage": "http://madmuseum.org/sites/default/files/styles/cal_event/public/2018/01/1-Julianne.jpeg?itok=TUx5EqKw", "room": "5th floor galleries at MAD"},
{"city": "New York", "endTime": "8:30 pm", "description": " performing artist-in-residence NIC Kay and a host of collaborators. The event activates the site of ", "eventTlink": "http://www.twitter.com/madmuseum", "eventIlink": "http://instagram.com/madmuseum", "startTime": "7:00 pm", "title": "Talks | In Conversation Derrick Adams with Alvin Hall and Dexter Wimberly", "dateFrom": "10/02/2018", "zipCode": "10019", "eventPrice": "\n\t$5 \u2013 $10\n", "state": "NY", "street": "2 COLUMBUS CIRCLE", "ticketUrl": "https://www.eventbrite.com/e/in-conversation-derrick-adams-with-alvin-hall-and-dexter-wimberly-tickets-42580065121", "In_group_id": " ", "organization": "the museum of arts and design", "eventWebsite": "http://madmuseum.org/events/conversation-derrick-adams-alvin-hall-and-dexter-wimberly", "eventFlink": "http://www.facebook.com/madmuseum", "eventImage": "http://madmuseum.org/sites/default/files/styles/cal_event/public/2018/01/DerrickAdams_Studio_MAD0094_0.jpg?itok=SaR-Yurb", "room": "The Theater at MAD"},
{"city": "New York", "endTime": "5:00 pm", "description": " ", "eventTlink": "http://www.twitter.com/madmuseum", "eventIlink": "http://instagram.com/madmuseum", "startTime": "4:00 pm", "title": "Performance | this  visitor", "dateFrom": "11/02/2018", "zipCode": "10019", "eventPrice": "\n\t$5 \u2013 $10\n", "state": "NY", "street": "2 COLUMBUS CIRCLE", "ticketUrl": "https://www.eventbrite.com/e/performance-this-visitor-tickets-42581165412", "In_group_id": " ", "organization": "the museum of arts and design", "eventWebsite": "http://madmuseum.org/events/visitor-0", "eventFlink": "http://www.facebook.com/madmuseum", "eventImage": "http://madmuseum.org/sites/default/files/styles/cal_event/public/2018/01/1-StevenSaturday.jpg?itok=TWutCygw", "room": "7th floor at MAD"}
]