[
{"organization": ["Union Settlement", "powerHouse Books"], "title": ["Book Launch: Joseph Rodriguez's El Barrio in the '80s"]},
{"organization": ["New York Women\u2019s Bar Association", "New York State Women\u2019s Suffrage Commission"], "title": ["The Legacy of Shirley Chisholm: Screening and Conversation"]},
{"organization": ["Harlem Blue"], "title": ["Gender & Justice"]},
{"organization": [" ", "Barnard College Department of Art History", "College Art Association", "Design Trust for Public Space", "More Art", "\u00a0", "NYU Department of Art History & Urban Design and Architectural Studies", "\u00a0", "Public Art Fund"], "title": ["Performance & Protest in Public Art"]},
{"organization": [], "title": ["What's Next for Ice Skating in New York?"]},
{"organization": ["\u00a0Maysles Documentary Center\u00a0", "Harlem Blue"], "title": ["Back to School with Frederick Wiseman"]},
{"organization": ["Savills Studley", "Climate Nexus", "The New School", "Tishman Environment and Design Center | The New School", "Urban Systems Lab at The New School"], "title": ["Liquid Assets: New York's Watersheds & Waterways"]},
{"organization": [], "title": ["\"Black Is Beautiful\": Fashion and Consciousness"]},
{"organization": [], "title": ["'60s Fashion: The Youthquake and Its Aftershocks"]},
{"organization": ["\u00a0Maysles Documentary Center\u00a0", "Fania", "Harlem Blue"], "title": ["Fania All-Stars: Live in Africa  "]},
{"organization": [" ", "Barnard College Department of Art History", "College Art Association", "Design Trust for Public Space", "More Art", "\u00a0", "NYU Department of Art History & Urban Design and Architectural Studies", "\u00a0", "Public Art Fund"], "title": ["State of the (Public) Art"]},
{"organization": ["Savills Studley", "The New School", "Tishman Environment and Design Center | The New School", "Urban Systems Lab at The New School"], "title": ["Reduce, Reuse, Rethink: The Future of Waste in NYC"]},
{"organization": [], "title": ["Epic Histories with Mike Wallace and Nell Irvin Painter"]},
{"organization": [" Maysles Documentary Center ", "Harlem Blue"], "title": ["Bronx Gothic "]},
{"organization": ["Savills Studley", "The New School", "Tishman Environment and Design Center | The New School", "Urban Systems Lab at The New School"], "title": ["Feeding the Apple: New York\u2019s Future Food Supply"]},
{"organization": [" Maysles Documentary Center", "Harlem Blue"], "title": ["Under the Influence of the Maysles Brothers"]}
][
{"organization": ["Union Settlement", "powerHouse Books"], "ticketUrl": ["https://35948.blackbaudhosting.com/35948/Spanish-Harlem-El-Barrio-in-the-80s"], "title": ["Book Launch: Joseph Rodriguez's El Barrio in the '80s"]},
{"organization": ["Harlem Blue"], "ticketUrl": ["https://35948.blackbaudhosting.com/35948/Only-in-New-York-Crime-and-Policing "], "title": ["Gender & Justice"]},
{"organization": [], "ticketUrl": ["https://35948.blackbaudhosting.com/35948/Whats-Next-for-Ice-Skating-in-New-York"], "title": ["What's Next for Ice Skating in New York?"]},
{"organization": ["\u00a0Maysles Documentary Center\u00a0", "Harlem Blue"], "ticketUrl": ["https://35948.blackbaudhosting.com/35948/Back-to-School-with-Frederick-Wiseman"], "title": ["Back to School with Frederick Wiseman"]},
{"organization": ["New York Women\u2019s Bar Association", "New York State Women\u2019s Suffrage Commission"], "ticketUrl": ["https://35948.blackbaudhosting.com/35948/The-Legacy-of-Shirley-Chisholm-Screening-and-Conversation"], "title": ["The Legacy of Shirley Chisholm: Screening and Conversation"]},
{"organization": [], "ticketUrl": ["https://35948.blackbaudhosting.com/35948/Black-is-Beautiful-Fashion-and-Consciousness"], "title": ["\"Black Is Beautiful\": Fashion and Consciousness"]},
{"organization": ["Savills Studley", "Climate Nexus", "The New School", "Tishman Environment and Design Center | The New School", "Urban Systems Lab at The New School"], "ticketUrl": ["https://35948.blackbaudhosting.com/35948/Liquid-Assets-New-YorksWatersheds--Waterways"], "title": ["Liquid Assets: New York's Watersheds & Waterways"]},
{"organization": [], "ticketUrl": ["https://35948.blackbaudhosting.com/35948/A-Conversation-with-Mike-Wallace-and-Nell-Irvin-Painter"], "title": ["Epic Histories with Mike Wallace and Nell Irvin Painter"]},
{"organization": [" ", "Barnard College Department of Art History", "College Art Association", "Design Trust for Public Space", "More Art", "\u00a0", "NYU Department of Art History & Urban Design and Architectural Studies", "\u00a0", "Public Art Fund"], "ticketUrl": ["https://35948.blackbaudhosting.com/35948/Public-Art-as-Performance"], "title": ["Performance & Protest in Public Art"]},
{"organization": [], "ticketUrl": ["https://35948.blackbaudhosting.com/35948/Radical-Transformations-The-Lasting-Influence-of-1960s-Fashion"], "title": ["'60s Fashion: The Youthquake and Its Aftershocks"]},
{"organization": ["Savills Studley", "The New School", "Tishman Environment and Design Center | The New School", "Urban Systems Lab at The New School"], "ticketUrl": ["https://35948.blackbaudhosting.com/35948/Reduce-Reuse-Rethink-The-Future-of-Waste-in-NYC"], "title": ["Reduce, Reuse, Rethink: The Future of Waste in NYC"]},
{"organization": [" Maysles Documentary Center ", "Harlem Blue"], "ticketUrl": ["https://35948.blackbaudhosting.com/35948/Bronx-Gothic"], "title": ["Bronx Gothic "]},
{"organization": [" Maysles Documentary Center", "Harlem Blue"], "ticketUrl": ["https://35948.blackbaudhosting.com/35948/Under-the-Influence-of-the-Maysles-Brothers "], "title": ["Under the Influence of the Maysles Brothers"]},
{"organization": [" ", "Barnard College Department of Art History", "College Art Association", "Design Trust for Public Space", "More Art", "\u00a0", "NYU Department of Art History & Urban Design and Architectural Studies", "\u00a0", "Public Art Fund"], "ticketUrl": ["https://35948.blackbaudhosting.com/35948/State-of-the-Public-Art"], "title": ["State of the (Public) Art"]},
{"organization": ["\u00a0Maysles Documentary Center\u00a0", "Fania", "Harlem Blue"], "ticketUrl": ["https://35948.blackbaudhosting.com/35948/Fania-All-Stars"], "title": ["Fania All-Stars: Live in Africa  "]},
{"organization": ["Savills Studley", "The New School", "Tishman Environment and Design Center | The New School", "Urban Systems Lab at The New School"], "ticketUrl": ["https://35948.blackbaudhosting.com/35948/Feeding-the-Apple-New-Yorks-Future-Food-Supply"], "title": ["Feeding the Apple: New York\u2019s Future Food Supply"]}
][
{"street": "1220 FIFTH AVENUE", "description": "\n      Photographer Joseph Rodriguez discusses his new book, El Barrio in the '80s, with David Gonzalez of The New York Times.\n    ", "zip": " 10029", "title": "Book Launch: Joseph Rodriguez's El Barrio in the '80s", "state": " NY", "eventWebsite": "/event/book-launch-joseph-rodriguezs-el-barrio-80s", "ticketURL": "https://35948.blackbaudhosting.com/35948/Spanish-Harlem-El-Barrio-in-the-80s", "organization": "Union Settlement", "eventImage": "http://mcny.org/sites/default/files/New%20event%20image.jpg"},
{"street": "1220 FIFTH AVENUE", "description": "\n      Sarah Maslin Nir talks to Assistant DA Lucy Lang and Reverend Vivian D. Nixon of College & Community Fellowship about the vexed relationship between gender and justice in this city - and the world beyond.\n    ", "zip": " 10029", "title": "Gender & Justice", "state": " NY", "eventWebsite": "/event/gender-justice", "ticketURL": "https://35948.blackbaudhosting.com/35948/Only-in-New-York-Crime-and-Policing ", "organization": "Harlem Blue", "eventImage": "http://mcny.org/sites/default/files/Event%20Hero.jpg"},
{"street": "1220 FIFTH AVENUE", "description": "\n      Join filmmaker Shola Lynch for a screening and discussion of her documentary, \"Chisholm \u201972: Unbought and Unbossed.\"\n    ", "zip": " 10029", "title": "The Legacy of Shirley Chisholm: Screening and Conversation", "state": " NY", "eventWebsite": "/event/legacy-shirley-chisholm-screening-and-conversation", "ticketURL": "https://35948.blackbaudhosting.com/35948/The-Legacy-of-Shirley-Chisholm-Screening-and-Conversation", "organization": "New York Women\u2019s Bar Association", "eventImage": "http://mcny.org/sites/default/files/Image%2014%20-%20Beyond%20Suffrage%20-%20The%20Legacy%20of%20Shirley%20Chisholm%20-%201.24.2018.jpg"},
{"street": "1220 FIFTH AVENUE", "description": "\n      Consider how we can rethink the concept of \"waste\" and its impact on our neighborhoods. \n    ", "zip": " 10029", "title": "Reduce, Reuse, Rethink: The Future of Waste in NYC", "state": " NY", "eventWebsite": "/event/reduce-reuse-rethink-future-waste-nyc", "ticketURL": "https://35948.blackbaudhosting.com/35948/Reduce-Reuse-Rethink-The-Future-of-Waste-in-NYC", "organization": "Savills Studley", "eventImage": "http://mcny.org/sites/default/files/ReduceReuseRethink_Hero.jpg"},
{"street": "1220 FIFTH AVENUE", "description": "\n      A screening of \u201cBronx Gothic,\u201d an electrifying portrait of Okwui Okpokwasili and her acclaimed one-woman show. \n    ", "zip": " 10029", "title": "Bronx Gothic ", "state": " NY", "eventWebsite": "/event/bronx-gothic", "ticketURL": "https://35948.blackbaudhosting.com/35948/Bronx-Gothic", "organization": " Maysles Documentary Center ", "eventImage": "http://mcny.org/sites/default/files/Image%2026%20-%20Smile%20It%27s%20Your%20Close%20Up%20-%20Bronx%20Gothic%20-%206.6.2018.jpg"},
{"street": "1220 FIFTH AVENUE", "description": "\n      Delve into the future of food and how we can revolutionize the way that New Yorkers eat.\n    ", "zip": " 10029", "title": "Feeding the Apple: New York\u2019s Future Food Supply", "state": " NY", "eventWebsite": "/event/feeding-apple-new-yorks-future-food-supply", "ticketURL": "https://35948.blackbaudhosting.com/35948/Feeding-the-Apple-New-Yorks-Future-Food-Supply", "organization": "Savills Studley", "eventImage": "http://mcny.org/sites/default/files/FeedingTheApple_Hero.jpg"},
{"street": "1220 FIFTH AVENUE", "description": "\n      A screening of short films by David and Albert Maysles, chief chroniclers of mid-sixties New York City.\n    ", "zip": " 10029", "title": "Under the Influence of the Maysles Brothers", "state": " NY", "eventWebsite": "/event/under-influence-maysles-brothers", "ticketURL": "https://35948.blackbaudhosting.com/35948/Under-the-Influence-of-the-Maysles-Brothers ", "organization": " Maysles Documentary Center", "eventImage": "http://mcny.org/sites/default/files/FromTruman.jpg"}
][
{"street": "1220 FIFTH AVENUE", "description": "\n      Consider how we can rethink the concept of \"waste\" and its impact on our neighborhoods. \n    ", "zip": " 10029", "title": "Reduce, Reuse, Rethink: The Future of Waste in NYC", "state": " NY", "eventWebsite": "/event/reduce-reuse-rethink-future-waste-nyc", "ticketURL": "https://35948.blackbaudhosting.com/35948/Reduce-Reuse-Rethink-The-Future-of-Waste-in-NYC", "organization": "Savills Studley", "eventImage": "http://mcny.org/sites/default/files/ReduceReuseRethink_Hero.jpg"}
][
{"street": "1220 FIFTH AVENUE", "description": "\n      Consider how we can rethink the concept of \"waste\" and its impact on our neighborhoods. \n    ", "zip": " 10029", "title": "Reduce, Reuse, Rethink: The Future of Waste in NYC", "state": " NY", "eventWebsite": "/event/reduce-reuse-rethink-future-waste-nyc", "ticketURL": "https://35948.blackbaudhosting.com/35948/Reduce-Reuse-Rethink-The-Future-of-Waste-in-NYC", "organization": "Savills Studley", "eventImage": "http://mcny.org/sites/default/files/ReduceReuseRethink_Hero.jpg"}
][
{"street": "1220 FIFTH AVENUE", "description": "\n      Photographer Joseph Rodriguez discusses his new book, El Barrio in the '80s, with David Gonzalez of The New York Times.\n    ", "zip": " 10029", "title": "Book Launch: Joseph Rodriguez's El Barrio in the '80s", "state": " NY", "eventWebsite": "/event/book-launch-joseph-rodriguezs-el-barrio-80s", "ticketURL": "https://35948.blackbaudhosting.com/35948/Spanish-Harlem-El-Barrio-in-the-80s", "organization": "\u00a92017 Museum of the City of New York all rights reserved", "eventImage": "http://mcny.org/sites/default/files/New%20event%20image.jpg"},
{"street": "1220 FIFTH AVENUE", "description": "\n      Sarah Maslin Nir talks to Assistant DA Lucy Lang and Reverend Vivian D. Nixon of College & Community Fellowship about the vexed relationship between gender and justice in this city - and the world beyond.\n    ", "zip": " 10029", "title": "Gender & Justice", "state": " NY", "eventWebsite": "/event/gender-justice", "ticketURL": "https://35948.blackbaudhosting.com/35948/Only-in-New-York-Crime-and-Policing ", "organization": "\u00a92017 Museum of the City of New York all rights reserved", "eventImage": "http://mcny.org/sites/default/files/Event%20Hero.jpg"},
{"street": "1220 FIFTH AVENUE", "description": "\n      Join filmmaker Shola Lynch for a screening and discussion of her documentary, \"Chisholm \u201972: Unbought and Unbossed.\"\n    ", "zip": " 10029", "title": "The Legacy of Shirley Chisholm: Screening and Conversation", "state": " NY", "eventWebsite": "/event/legacy-shirley-chisholm-screening-and-conversation", "ticketURL": "https://35948.blackbaudhosting.com/35948/The-Legacy-of-Shirley-Chisholm-Screening-and-Conversation", "organization": "\u00a92017 Museum of the City of New York all rights reserved", "eventImage": "http://mcny.org/sites/default/files/Image%2014%20-%20Beyond%20Suffrage%20-%20The%20Legacy%20of%20Shirley%20Chisholm%20-%201.24.2018.jpg"},
{"street": "1220 FIFTH AVENUE", "description": "\n      Consider how we can rethink the concept of \"waste\" and its impact on our neighborhoods. \n    ", "zip": " 10029", "title": "Reduce, Reuse, Rethink: The Future of Waste in NYC", "state": " NY", "eventWebsite": "/event/reduce-reuse-rethink-future-waste-nyc", "ticketURL": "https://35948.blackbaudhosting.com/35948/Reduce-Reuse-Rethink-The-Future-of-Waste-in-NYC", "organization": "\u00a92017 Museum of the City of New York all rights reserved", "eventImage": "http://mcny.org/sites/default/files/ReduceReuseRethink_Hero.jpg"},
{"street": "1220 FIFTH AVENUE", "description": "\n      Explore the future of ice skating in New York City with leading voices in the sport.\n    ", "zip": " 10029", "title": "What's Next for Ice-Skating in New York?", "state": " NY", "eventWebsite": "/skate", "ticketURL": "https://35948.blackbaudhosting.com/35948/Whats-Next-for-Ice-Skating-in-New-York", "organization": "\u00a92017 Museum of the City of New York all rights reserved", "eventImage": "http://mcny.org/sites/default/files/Kingsbridge%20Image.jpg"},
{"street": "1220 FIFTH AVENUE", "description": "\n      A screening of \u201cBronx Gothic,\u201d an electrifying portrait of Okwui Okpokwasili and her acclaimed one-woman show. \n    ", "zip": " 10029", "title": "Bronx Gothic ", "state": " NY", "eventWebsite": "/event/bronx-gothic", "ticketURL": "https://35948.blackbaudhosting.com/35948/Bronx-Gothic", "organization": "\u00a92017 Museum of the City of New York all rights reserved", "eventImage": "http://mcny.org/sites/default/files/Image%2026%20-%20Smile%20It%27s%20Your%20Close%20Up%20-%20Bronx%20Gothic%20-%206.6.2018.jpg"},
{"street": "1220 FIFTH AVENUE", "description": "\n      Documentary photographer Kwame Brathwaite discusses his pioneering \u201cBlack Is Beautiful\u201d photographs.  \r\n\n    ", "zip": " 10029", "title": "\"Black Is Beautiful\": Fashion and Consciousness", "state": " NY", "eventWebsite": "/event/black-beautiful-fashion-and-consciousness", "ticketURL": "https://35948.blackbaudhosting.com/35948/Black-is-Beautiful-Fashion-and-Consciousness", "organization": "\u00a92017 Museum of the City of New York all rights reserved", "eventImage": "http://mcny.org/sites/default/files/Combined%20Hero_0.jpg"},
{"street": "1220 FIFTH AVENUE", "description": "\n      Delve into the future of food and how we can revolutionize the way that New Yorkers eat.\n    ", "zip": " 10029", "title": "Feeding the Apple: New York\u2019s Future Food Supply", "state": " NY", "eventWebsite": "/event/feeding-apple-new-yorks-future-food-supply", "ticketURL": "https://35948.blackbaudhosting.com/35948/Feeding-the-Apple-New-Yorks-Future-Food-Supply", "organization": "\u00a92017 Museum of the City of New York all rights reserved", "eventImage": "http://mcny.org/sites/default/files/FeedingTheApple_Hero.jpg"},
{"street": "1220 FIFTH AVENUE", "description": "\n      A screening of \u201cHigh School II,\u201d which  examines life at an alternative public school in East Harlem.\n    ", "zip": " 10029", "title": "Back to School with Frederick Wiseman", "state": " NY", "eventWebsite": "/event/back-school-frederick-wiseman", "ticketURL": "https://35948.blackbaudhosting.com/35948/Back-to-School-with-Frederick-Wiseman", "organization": "\u00a92017 Museum of the City of New York all rights reserved", "eventImage": "http://mcny.org/sites/default/files/Image%2020%20-%20Smile%20It%27s%20Your%20Close%20Up%20-%20Back%20to%20School%20-%202.11.2018.jpg"},
{"street": "1220 FIFTH AVENUE", "description": "\n      A screening of short films by David and Albert Maysles, chief chroniclers of mid-sixties New York City.\n    ", "zip": " 10029", "title": "Under the Influence of the Maysles Brothers", "state": " NY", "eventWebsite": "/event/under-influence-maysles-brothers", "ticketURL": "https://35948.blackbaudhosting.com/35948/Under-the-Influence-of-the-Maysles-Brothers ", "organization": "\u00a92017 Museum of the City of New York all rights reserved", "eventImage": "http://mcny.org/sites/default/files/FromTruman.jpg"},
{"street": "1220 FIFTH AVENUE", "description": "\n      Explore New York's complex water-supply system and how it illuminates the city's relationship with its regional environment.\n    ", "zip": " 10029", "title": "Liquid Assets: New York's Watersheds & Waterways", "state": " NY", "eventWebsite": "/event/liquid-assets-new-yorks-watersheds-waterways", "ticketURL": "https://35948.blackbaudhosting.com/35948/Liquid-Assets-New-YorksWatersheds--Waterways", "organization": "\u00a92017 Museum of the City of New York all rights reserved", "eventImage": "http://mcny.org/sites/default/files/LiquidAssets_Hero.jpg"},
{"street": "1220 FIFTH AVENUE", "description": "\n      Historians Mike Wallace and Nell Irvin Painter discuss the rewards and challenges of writing sweeping narrative history. \n    ", "zip": " 10029", "title": "Epic Histories with Mike Wallace and Nell Irvin Painter", "state": " NY", "eventWebsite": "/event/epic-histories-mike-wallace-and-nell-irvin-painter", "ticketURL": "https://35948.blackbaudhosting.com/35948/A-Conversation-with-Mike-Wallace-and-Nell-Irvin-Painter", "organization": "\u00a92017 Museum of the City of New York all rights reserved", "eventImage": "http://mcny.org/sites/default/files/Combined%20Headshot_0.jpg"},
{"street": "1220 FIFTH AVENUE", "description": "\n      Artists Tania Bruguera and Kate Gilmore discuss performance art as a medium for critiquing politics, gender, and society. \r\n\n    ", "zip": " 10029", "title": "Performance & Protest in Public Art", "state": " NY", "eventWebsite": "/event/performance-protest-public-art", "ticketURL": "https://35948.blackbaudhosting.com/35948/Public-Art-as-Performance", "organization": "\u00a92017 Museum of the City of New York all rights reserved", "eventImage": "http://mcny.org/sites/default/files/Image%2021%20-%20Beyond%20Suffrage%20-%20Public%20Art%20as%20Performance%20-%202.28.2017.jpg"},
{"street": "1220 FIFTH AVENUE", "description": "\n      Join fashion designers Anna Sui and Andrea Aranow for a conversation about how the 1960s influenced their work. \n    ", "zip": " 10029", "title": "'60s Fashion: The Youthquake and Its Aftershocks", "state": " NY", "eventWebsite": "/event/60s-fashion-youthquake-and-its-aftershocks", "ticketURL": "https://35948.blackbaudhosting.com/35948/Radical-Transformations-The-Lasting-Influence-of-1960s-Fashion", "organization": "\u00a92017 Museum of the City of New York all rights reserved", "eventImage": "http://mcny.org/sites/default/files/Combined%20Hero_2.jpg"}
][
{"street": "1220 FIFTH AVENUE", "description": "\n      Photographer Joseph Rodriguez discusses his new book, El Barrio in the '80s, with David Gonzalez of The New York Times.\n    ", "zip": " 10029", "title": "Book Launch: Joseph Rodriguez's El Barrio in the '80s", "state": " NY", "eventWebsite": "/event/book-launch-joseph-rodriguezs-el-barrio-80s", "ticketURL": "https://35948.blackbaudhosting.com/35948/Spanish-Harlem-El-Barrio-in-the-80s", "organization": "\u00a92017 Museum of the City of New York all rights reserved", "eventImage": "http://mcny.org/sites/default/files/New%20event%20image.jpg"},
{"street": "1220 FIFTH AVENUE", "description": "\n      Sarah Maslin Nir talks to Assistant DA Lucy Lang and Reverend Vivian D. Nixon of College & Community Fellowship about the vexed relationship between gender and justice in this city - and the world beyond.\n    ", "zip": " 10029", "title": "Gender & Justice", "state": " NY", "eventWebsite": "/event/gender-justice", "ticketURL": "https://35948.blackbaudhosting.com/35948/Only-in-New-York-Crime-and-Policing ", "organization": "\u00a92017 Museum of the City of New York all rights reserved", "eventImage": "http://mcny.org/sites/default/files/Event%20Hero.jpg"},
{"street": "1220 FIFTH AVENUE", "description": "\n      Join filmmaker Shola Lynch for a screening and discussion of her documentary, \"Chisholm \u201972: Unbought and Unbossed.\"\n    ", "zip": " 10029", "title": "The Legacy of Shirley Chisholm: Screening and Conversation", "state": " NY", "eventWebsite": "/event/legacy-shirley-chisholm-screening-and-conversation", "ticketURL": "https://35948.blackbaudhosting.com/35948/The-Legacy-of-Shirley-Chisholm-Screening-and-Conversation", "organization": "\u00a92017 Museum of the City of New York all rights reserved", "eventImage": "http://mcny.org/sites/default/files/Image%2014%20-%20Beyond%20Suffrage%20-%20The%20Legacy%20of%20Shirley%20Chisholm%20-%201.24.2018.jpg"},
{"street": "1220 FIFTH AVENUE", "description": "\n      Consider how we can rethink the concept of \"waste\" and its impact on our neighborhoods. \n    ", "zip": " 10029", "title": "Reduce, Reuse, Rethink: The Future of Waste in NYC", "state": " NY", "eventWebsite": "/event/reduce-reuse-rethink-future-waste-nyc", "ticketURL": "https://35948.blackbaudhosting.com/35948/Reduce-Reuse-Rethink-The-Future-of-Waste-in-NYC", "organization": "\u00a92017 Museum of the City of New York all rights reserved", "eventImage": "http://mcny.org/sites/default/files/ReduceReuseRethink_Hero.jpg"},
{"street": "1220 FIFTH AVENUE", "description": "\n      Explore the future of ice skating in New York City with leading voices in the sport.\n    ", "zip": " 10029", "title": "What's Next for Ice-Skating in New York?", "state": " NY", "eventWebsite": "/skate", "ticketURL": "https://35948.blackbaudhosting.com/35948/Whats-Next-for-Ice-Skating-in-New-York", "organization": "\u00a92017 Museum of the City of New York all rights reserved", "eventImage": "http://mcny.org/sites/default/files/Kingsbridge%20Image.jpg"},
{"street": "1220 FIFTH AVENUE", "description": "\n      A screening of \u201cBronx Gothic,\u201d an electrifying portrait of Okwui Okpokwasili and her acclaimed one-woman show. \n    ", "zip": " 10029", "title": "Bronx Gothic ", "state": " NY", "eventWebsite": "/event/bronx-gothic", "ticketURL": "https://35948.blackbaudhosting.com/35948/Bronx-Gothic", "organization": "\u00a92017 Museum of the City of New York all rights reserved", "eventImage": "http://mcny.org/sites/default/files/Image%2026%20-%20Smile%20It%27s%20Your%20Close%20Up%20-%20Bronx%20Gothic%20-%206.6.2018.jpg"},
{"street": "1220 FIFTH AVENUE", "description": "\n      Documentary photographer Kwame Brathwaite discusses his pioneering \u201cBlack Is Beautiful\u201d photographs.  \r\n\n    ", "zip": " 10029", "title": "\"Black Is Beautiful\": Fashion and Consciousness", "state": " NY", "eventWebsite": "/event/black-beautiful-fashion-and-consciousness", "ticketURL": "https://35948.blackbaudhosting.com/35948/Black-is-Beautiful-Fashion-and-Consciousness", "organization": "\u00a92017 Museum of the City of New York all rights reserved", "eventImage": "http://mcny.org/sites/default/files/Combined%20Hero_0.jpg"},
{"street": "1220 FIFTH AVENUE", "description": "\n      Delve into the future of food and how we can revolutionize the way that New Yorkers eat.\n    ", "zip": " 10029", "title": "Feeding the Apple: New York\u2019s Future Food Supply", "state": " NY", "eventWebsite": "/event/feeding-apple-new-yorks-future-food-supply", "ticketURL": "https://35948.blackbaudhosting.com/35948/Feeding-the-Apple-New-Yorks-Future-Food-Supply", "organization": "\u00a92017 Museum of the City of New York all rights reserved", "eventImage": "http://mcny.org/sites/default/files/FeedingTheApple_Hero.jpg"},
{"street": "1220 FIFTH AVENUE", "description": "\n      A screening of \u201cHigh School II,\u201d which  examines life at an alternative public school in East Harlem.\n    ", "zip": " 10029", "title": "Back to School with Frederick Wiseman", "state": " NY", "eventWebsite": "/event/back-school-frederick-wiseman", "ticketURL": "https://35948.blackbaudhosting.com/35948/Back-to-School-with-Frederick-Wiseman", "organization": "\u00a92017 Museum of the City of New York all rights reserved", "eventImage": "http://mcny.org/sites/default/files/Image%2020%20-%20Smile%20It%27s%20Your%20Close%20Up%20-%20Back%20to%20School%20-%202.11.2018.jpg"},
{"street": "1220 FIFTH AVENUE", "description": "\n      A screening of short films by David and Albert Maysles, chief chroniclers of mid-sixties New York City.\n    ", "zip": " 10029", "title": "Under the Influence of the Maysles Brothers", "state": " NY", "eventWebsite": "/event/under-influence-maysles-brothers", "ticketURL": "https://35948.blackbaudhosting.com/35948/Under-the-Influence-of-the-Maysles-Brothers ", "organization": "\u00a92017 Museum of the City of New York all rights reserved", "eventImage": "http://mcny.org/sites/default/files/FromTruman.jpg"},
{"street": "1220 FIFTH AVENUE", "description": "\n      Explore New York's complex water-supply system and how it illuminates the city's relationship with its regional environment.\n    ", "zip": " 10029", "title": "Liquid Assets: New York's Watersheds & Waterways", "state": " NY", "eventWebsite": "/event/liquid-assets-new-yorks-watersheds-waterways", "ticketURL": "https://35948.blackbaudhosting.com/35948/Liquid-Assets-New-YorksWatersheds--Waterways", "organization": "\u00a92017 Museum of the City of New York all rights reserved", "eventImage": "http://mcny.org/sites/default/files/LiquidAssets_Hero.jpg"},
{"street": "1220 FIFTH AVENUE", "description": "\n      Historians Mike Wallace and Nell Irvin Painter discuss the rewards and challenges of writing sweeping narrative history. \n    ", "zip": " 10029", "title": "Epic Histories with Mike Wallace and Nell Irvin Painter", "state": " NY", "eventWebsite": "/event/epic-histories-mike-wallace-and-nell-irvin-painter", "ticketURL": "https://35948.blackbaudhosting.com/35948/A-Conversation-with-Mike-Wallace-and-Nell-Irvin-Painter", "organization": "\u00a92017 Museum of the City of New York all rights reserved", "eventImage": "http://mcny.org/sites/default/files/Combined%20Headshot_0.jpg"},
{"street": "1220 FIFTH AVENUE", "description": "\n      Artists Tania Bruguera and Kate Gilmore discuss performance art as a medium for critiquing politics, gender, and society. \r\n\n    ", "zip": " 10029", "title": "Performance & Protest in Public Art", "state": " NY", "eventWebsite": "/event/performance-protest-public-art", "ticketURL": "https://35948.blackbaudhosting.com/35948/Public-Art-as-Performance", "organization": "\u00a92017 Museum of the City of New York all rights reserved", "eventImage": "http://mcny.org/sites/default/files/Image%2021%20-%20Beyond%20Suffrage%20-%20Public%20Art%20as%20Performance%20-%202.28.2017.jpg"},
{"street": "1220 FIFTH AVENUE", "description": "\n      Join fashion designers Anna Sui and Andrea Aranow for a conversation about how the 1960s influenced their work. \n    ", "zip": " 10029", "title": "'60s Fashion: The Youthquake and Its Aftershocks", "state": " NY", "eventWebsite": "/event/60s-fashion-youthquake-and-its-aftershocks", "ticketURL": "https://35948.blackbaudhosting.com/35948/Radical-Transformations-The-Lasting-Influence-of-1960s-Fashion", "organization": "\u00a92017 Museum of the City of New York all rights reserved", "eventImage": "http://mcny.org/sites/default/files/Combined%20Hero_2.jpg"},
{"street": "1220 FIFTH AVENUE", "description": "\n      A conversation with leaders of New York\u2019s most innovative public art projects and spaces.\n    ", "zip": " 10029", "title": "State of the (Public) Art", "state": " NY", "eventWebsite": "/event/state-public-art", "ticketURL": "https://35948.blackbaudhosting.com/35948/State-of-the-Public-Art", "organization": "\u00a92017 Museum of the City of New York all rights reserved", "eventImage": "http://mcny.org/sites/default/files/Hero%20Image_3.jpg"},
{"street": "1220 FIFTH AVENUE", "description": "\n      Screening of \u201cFania All Stars,\u201d which offers a glimpse into a particularly soulful moment in Latin music. \n    ", "zip": " 10029", "title": "Fania All-Stars: Live in Africa  ", "state": " NY", "eventWebsite": "/event/fania-all-stars-live-africa", "ticketURL": "https://35948.blackbaudhosting.com/35948/Fania-All-Stars", "organization": "\u00a92017 Museum of the City of New York all rights reserved", "eventImage": "http://mcny.org/sites/default/files/Fania%20All-Stars%20Image.jpg"}
][
{"street": "1220 FIFTH AVENUE", "eventPriceDollar": ["$15.00", "$12.00", "$12.00", "$12.00", "$15.00"], "zip": " 10029", "title": "Book Launch: Joseph Rodriguez's El Barrio in the '80s", "eventPriceLabel": ["Adult", "Senior", "Student", "Educator", "Member (sign in to receive your discount at check out)"], "state": " NY", "eventWebsite": "/event/book-launch-joseph-rodriguezs-el-barrio-80s", "ticketURL": "https://35948.blackbaudhosting.com/35948/Spanish-Harlem-El-Barrio-in-the-80s", "organization": "\u00a92017 Museum of the City of New York all rights reserved", "eventImage": "http://mcny.org/sites/default/files/New%20event%20image.jpg", "description": "\n      Photographer Joseph Rodriguez discusses his new book, El Barrio in the '80s, with David Gonzalez of The New York Times.\n    "},
{"street": "1220 FIFTH AVENUE", "eventPriceDollar": ["$25.00", "$20.00", "$20.00", "$20.00", "$25.00"], "zip": " 10029", "title": "Gender & Justice", "eventPriceLabel": ["Adult", "Senior", "Student", "Educator", "Member (sign in to receive your discount at check out)"], "state": " NY", "eventWebsite": "/event/gender-justice", "ticketURL": "https://35948.blackbaudhosting.com/35948/Only-in-New-York-Crime-and-Policing ", "organization": "\u00a92017 Museum of the City of New York all rights reserved", "eventImage": "http://mcny.org/sites/default/files/Event%20Hero.jpg", "description": "\n      Sarah Maslin Nir talks to Assistant DA Lucy Lang and Reverend Vivian D. Nixon of College & Community Fellowship about the vexed relationship between gender and justice in this city - and the world beyond.\n    "},
{"street": "1220 FIFTH AVENUE", "eventPriceDollar": ["$20.00", "$15.00", "$15.00", "$15.00", "$20.00"], "zip": " 10029", "title": "The Legacy of Shirley Chisholm: Screening and Conversation", "eventPriceLabel": ["Adult", "Senior", "Student", "Educator", "Member (sign in to receive your discount at check out)"], "state": " NY", "eventWebsite": "/event/legacy-shirley-chisholm-screening-and-conversation", "ticketURL": "https://35948.blackbaudhosting.com/35948/The-Legacy-of-Shirley-Chisholm-Screening-and-Conversation", "organization": "\u00a92017 Museum of the City of New York all rights reserved", "eventImage": "http://mcny.org/sites/default/files/Image%2014%20-%20Beyond%20Suffrage%20-%20The%20Legacy%20of%20Shirley%20Chisholm%20-%201.24.2018.jpg", "description": "\n      Join filmmaker Shola Lynch for a screening and discussion of her documentary, \"Chisholm \u201972: Unbought and Unbossed.\"\n    "},
{"street": "1220 FIFTH AVENUE", "eventPriceDollar": ["$25.00", "$20.00", "$20.00", "$20.00", "$25.00"], "zip": " 10029", "title": "Reduce, Reuse, Rethink: The Future of Waste in NYC", "eventPriceLabel": ["Adult", "Senior", "Student", "Educator", "Member (sign in to receive your discount at check out)"], "state": " NY", "eventWebsite": "/event/reduce-reuse-rethink-future-waste-nyc", "ticketURL": "https://35948.blackbaudhosting.com/35948/Reduce-Reuse-Rethink-The-Future-of-Waste-in-NYC", "organization": "\u00a92017 Museum of the City of New York all rights reserved", "eventImage": "http://mcny.org/sites/default/files/ReduceReuseRethink_Hero.jpg", "description": "\n      Consider how we can rethink the concept of \"waste\" and its impact on our neighborhoods. \n    "},
{"street": "1220 FIFTH AVENUE", "eventPriceDollar": ["$20.00", "$15.00", "$15.00", "$15.00", "$20.00"], "zip": " 10029", "title": "What's Next for Ice-Skating in New York?", "eventPriceLabel": ["Adult", "Student", "Senior", "Educator", "Member (sign in to receive your discount at check out)"], "state": " NY", "eventWebsite": "/skate", "ticketURL": "https://35948.blackbaudhosting.com/35948/Whats-Next-for-Ice-Skating-in-New-York", "organization": "\u00a92017 Museum of the City of New York all rights reserved", "eventImage": "http://mcny.org/sites/default/files/Kingsbridge%20Image.jpg", "description": "\n      Explore the future of ice skating in New York City with leading voices in the sport.\n    "},
{"street": "1220 FIFTH AVENUE", "eventPriceDollar": ["$15.00", "$12.00", "$12.00", "$12.00", "$15.00"], "zip": " 10029", "title": "Bronx Gothic ", "eventPriceLabel": ["Adult", "Senior", "Student", "Educator", "Member (sign in to receive your discount at check out)"], "state": " NY", "eventWebsite": "/event/bronx-gothic", "ticketURL": "https://35948.blackbaudhosting.com/35948/Bronx-Gothic", "organization": "\u00a92017 Museum of the City of New York all rights reserved", "eventImage": "http://mcny.org/sites/default/files/Image%2026%20-%20Smile%20It%27s%20Your%20Close%20Up%20-%20Bronx%20Gothic%20-%206.6.2018.jpg", "description": "\n      A screening of \u201cBronx Gothic,\u201d an electrifying portrait of Okwui Okpokwasili and her acclaimed one-woman show. \n    "},
{"street": "1220 FIFTH AVENUE", "eventPriceDollar": ["$20.00", "$15.00", "$15.00", "$15.00", "$20.00"], "zip": " 10029", "title": "\"Black Is Beautiful\": Fashion and Consciousness", "eventPriceLabel": ["Adult", "Senior", "Student", "Educator", "Member (sign in to receive your discount at check out)"], "state": " NY", "eventWebsite": "/event/black-beautiful-fashion-and-consciousness", "ticketURL": "https://35948.blackbaudhosting.com/35948/Black-is-Beautiful-Fashion-and-Consciousness", "organization": "\u00a92017 Museum of the City of New York all rights reserved", "eventImage": "http://mcny.org/sites/default/files/Combined%20Hero_0.jpg", "description": "\n      Documentary photographer Kwame Brathwaite discusses his pioneering \u201cBlack Is Beautiful\u201d photographs.  \r\n\n    "},
{"street": "1220 FIFTH AVENUE", "eventPriceDollar": ["$25.00", "$20.00", "$20.00", "$15.00", "$25.00"], "zip": " 10029", "title": "Feeding the Apple: New York\u2019s Future Food Supply", "eventPriceLabel": ["Adult", "Senior", "Student", "Educator", "Member (sign in to receive your discount at check out)"], "state": " NY", "eventWebsite": "/event/feeding-apple-new-yorks-future-food-supply", "ticketURL": "https://35948.blackbaudhosting.com/35948/Feeding-the-Apple-New-Yorks-Future-Food-Supply", "organization": "\u00a92017 Museum of the City of New York all rights reserved", "eventImage": "http://mcny.org/sites/default/files/FeedingTheApple_Hero.jpg", "description": "\n      Delve into the future of food and how we can revolutionize the way that New Yorkers eat.\n    "},
{"street": "1220 FIFTH AVENUE", "eventPriceDollar": ["$15.00", "$12.00", "$12.00", "$12.00", "$15.00"], "zip": " 10029", "title": "Back to School with Frederick Wiseman", "eventPriceLabel": ["Adult", "Senior", "Student", "Educator", "Member (sign in to receive your discount at check out)"], "state": " NY", "eventWebsite": "/event/back-school-frederick-wiseman", "ticketURL": "https://35948.blackbaudhosting.com/35948/Back-to-School-with-Frederick-Wiseman", "organization": "\u00a92017 Museum of the City of New York all rights reserved", "eventImage": "http://mcny.org/sites/default/files/Image%2020%20-%20Smile%20It%27s%20Your%20Close%20Up%20-%20Back%20to%20School%20-%202.11.2018.jpg", "description": "\n      A screening of \u201cHigh School II,\u201d which  examines life at an alternative public school in East Harlem.\n    "},
{"street": "1220 FIFTH AVENUE", "eventPriceDollar": ["$12.00", "$12.00", "$12.00", "$15.00", "$15.00"], "zip": " 10029", "title": "Under the Influence of the Maysles Brothers", "eventPriceLabel": ["Senior", "Educator", "Student", "Member (sign in to receive your discount at check out)", "Adult"], "state": " NY", "eventWebsite": "/event/under-influence-maysles-brothers", "ticketURL": "https://35948.blackbaudhosting.com/35948/Under-the-Influence-of-the-Maysles-Brothers ", "organization": "\u00a92017 Museum of the City of New York all rights reserved", "eventImage": "http://mcny.org/sites/default/files/FromTruman.jpg", "description": "\n      A screening of short films by David and Albert Maysles, chief chroniclers of mid-sixties New York City.\n    "},
{"street": "1220 FIFTH AVENUE", "eventPriceDollar": ["$25.00", "$20.00", "$20.00", "$20.00", "$25.00"], "zip": " 10029", "title": "Liquid Assets: New York's Watersheds & Waterways", "eventPriceLabel": ["Adult", "Senior", "Student", "Educator", "Member (sign in to receive your discount at check out)"], "state": " NY", "eventWebsite": "/event/liquid-assets-new-yorks-watersheds-waterways", "ticketURL": "https://35948.blackbaudhosting.com/35948/Liquid-Assets-New-YorksWatersheds--Waterways", "organization": "\u00a92017 Museum of the City of New York all rights reserved", "eventImage": "http://mcny.org/sites/default/files/LiquidAssets_Hero.jpg", "description": "\n      Explore New York's complex water-supply system and how it illuminates the city's relationship with its regional environment.\n    "},
{"street": "1220 FIFTH AVENUE", "eventPriceDollar": ["$20.00", "$15.00", "$15.00", "$15.00", "$20.00"], "zip": " 10029", "title": "Epic Histories with Mike Wallace and Nell Irvin Painter", "eventPriceLabel": ["Adult", "Senior", "Student", "Educator", "Member (sign in to receive your discount at check out)"], "state": " NY", "eventWebsite": "/event/epic-histories-mike-wallace-and-nell-irvin-painter", "ticketURL": "https://35948.blackbaudhosting.com/35948/A-Conversation-with-Mike-Wallace-and-Nell-Irvin-Painter", "organization": "\u00a92017 Museum of the City of New York all rights reserved", "eventImage": "http://mcny.org/sites/default/files/Combined%20Headshot_0.jpg", "description": "\n      Historians Mike Wallace and Nell Irvin Painter discuss the rewards and challenges of writing sweeping narrative history. \n    "},
{"street": "1220 FIFTH AVENUE", "eventPriceDollar": ["$25.00", "$20.00", "$20.00", "$20.00", "$25.00"], "zip": " 10029", "title": "Performance & Protest in Public Art", "eventPriceLabel": ["Adult", "Senior", "Student", "Educator", "Member (sign in to receive your discount at check out)"], "state": " NY", "eventWebsite": "/event/performance-protest-public-art", "ticketURL": "https://35948.blackbaudhosting.com/35948/Public-Art-as-Performance", "organization": "\u00a92017 Museum of the City of New York all rights reserved", "eventImage": "http://mcny.org/sites/default/files/Image%2021%20-%20Beyond%20Suffrage%20-%20Public%20Art%20as%20Performance%20-%202.28.2017.jpg", "description": "\n      Artists Tania Bruguera and Kate Gilmore discuss performance art as a medium for critiquing politics, gender, and society. \r\n\n    "},
{"street": "1220 FIFTH AVENUE", "eventPriceDollar": ["$25.00", "$20.00", "$20.00", "$20.00", "$25.00"], "zip": " 10029", "title": "'60s Fashion: The Youthquake and Its Aftershocks", "eventPriceLabel": ["Adult", "Senior", "Student", "Educator", "Member (sign in to receive your discount at check out)"], "state": " NY", "eventWebsite": "/event/60s-fashion-youthquake-and-its-aftershocks", "ticketURL": "https://35948.blackbaudhosting.com/35948/Radical-Transformations-The-Lasting-Influence-of-1960s-Fashion", "organization": "\u00a92017 Museum of the City of New York all rights reserved", "eventImage": "http://mcny.org/sites/default/files/Combined%20Hero_2.jpg", "description": "\n      Join fashion designers Anna Sui and Andrea Aranow for a conversation about how the 1960s influenced their work. \n    "},
{"street": "1220 FIFTH AVENUE", "eventPriceDollar": ["$20.00", "$15.00", "$15.00", "$15.00", "$20.00"], "zip": " 10029", "title": "State of the (Public) Art", "eventPriceLabel": ["Adult", "Senior", "Student", "Educator", "Member (sign in to receive your discount at check out)"], "state": " NY", "eventWebsite": "/event/state-public-art", "ticketURL": "https://35948.blackbaudhosting.com/35948/State-of-the-Public-Art", "organization": "\u00a92017 Museum of the City of New York all rights reserved", "eventImage": "http://mcny.org/sites/default/files/Hero%20Image_3.jpg", "description": "\n      A conversation with leaders of New York\u2019s most innovative public art projects and spaces.\n    "},
{"street": "1220 FIFTH AVENUE", "eventPriceDollar": ["$15.00", "$12.00", "$12.00", "$12.00", "Free"], "zip": " 10029", "title": "Fania All-Stars: Live in Africa  ", "eventPriceLabel": ["Adult", "Senior", "Educator", "Student", "Member (sign in to receive your discount at check out)"], "state": " NY", "eventWebsite": "/event/fania-all-stars-live-africa", "ticketURL": "https://35948.blackbaudhosting.com/35948/Fania-All-Stars", "organization": "\u00a92017 Museum of the City of New York all rights reserved", "eventImage": "http://mcny.org/sites/default/files/Fania%20All-Stars%20Image.jpg", "description": "\n      Screening of \u201cFania All Stars,\u201d which offers a glimpse into a particularly soulful moment in Latin music. \n    "}
]