[
{"city": "New York", "startTime": "1 pm", "eventTlink": "https://twitter.com/nyacademyofart", "eventIlink": "https://www.instagram.com/nyacademyofart/", "title": "21c Museums Chief Curator Alice Stites", "dateFrom": "30/01/2018", "zipCode": "10013", "contactEmail": "inquiries@nyaa.edu", "state": "NY", "street": "111 Franklin Street", "ticketUrl": " ", "In_group_id": " ", "organization": "New York Academy of Art", "eventWebsite": "https://nyaa.edu/alice-gray-stites/", "eventFlink": "https://www.facebook.com/NewYorkAcademyofArt/", "eventImage": "https://nyaa.edu/wp-content/uploads/2018/01/alice-21c.jpg", "description": " is Museum Director and Chief Curator of 21c Museum Hotels. A multi-venue museum located in Louisville, Cincinnati, Bentonville, Durham, Lexington, Oklahoma City, and Nashville, 21c was founded by Lau"},
{"city": "New York", "startTime": "6:30 pm", "eventTlink": "https://twitter.com/nyacademyofart", "eventIlink": "https://www.instagram.com/nyacademyofart/", "title": "Laura Murphy Doyle: Protecting the Weird and Valuable", "dateFrom": "07/02/2018", "zipCode": "10013", "contactEmail": "inquiries@nyaa.edu", "state": "NY", "street": "111 Franklin Street", "ticketUrl": " ", "In_group_id": " ", "organization": "New York Academy of Art", "eventWebsite": "https://nyaa.edu/protecting-the-weird-and-valuable/", "eventFlink": "https://www.facebook.com/NewYorkAcademyofArt/", "eventImage": "https://nyaa.edu/wp-content/uploads/2016/09/LauraDoyle.png", "description": "How do you insure artwork made of melting wax, or frozen blood?"},
{"city": "New York", "startTime": "6:30 pm", "eventTlink": "https://twitter.com/nyacademyofart", "eventIlink": "https://www.instagram.com/nyacademyofart/", "title": "Grants and Foundations", "dateFrom": "28/02/2018", "zipCode": "10013", "contactEmail": "inquiries@nyaa.edu", "state": "NY", "street": "111 Franklin Street", "ticketUrl": " ", "In_group_id": " ", "organization": "New York Academy of Art", "eventWebsite": "https://nyaa.edu/grants-and-foundations/", "eventFlink": "https://www.facebook.com/NewYorkAcademyofArt/", "eventImage": "https://nyaa.edu/wp-content/uploads/2018/01/Matthew-Deleget.jpg", "description": " "},
{"city": "New York", "startTime": "6:30 pm", "eventTlink": "https://twitter.com/nyacademyofart", "eventIlink": "https://www.instagram.com/nyacademyofart/", "title": "Artist Lecture: Alfred Leslie", "dateFrom": "31/01/2018", "zipCode": "10013", "contactEmail": "inquiries@nyaa.edu", "state": "NY", "street": "111 Franklin Street", "ticketUrl": " ", "In_group_id": " ", "organization": "New York Academy of Art", "eventWebsite": "https://nyaa.edu/artist-lecture-alfred-leslie/", "eventFlink": "https://www.facebook.com/NewYorkAcademyofArt/", "eventImage": "https://nyaa.edu/wp-content/uploads/2018/01/Alfred-Leslie.jpg", "description": "Alfred Leslie is an American artist and filmmaker. He first achieved international success as an Abstract Expressionist painter, but changed course in the early 1960s and became a painter of realistic"},
{"city": "New York", "startTime": "6:30 pm", "eventTlink": "https://twitter.com/nyacademyofart", "eventIlink": "https://www.instagram.com/nyacademyofart/", "title": "How Artists Wear Multiple Hats", "dateFrom": "14/02/2018", "zipCode": "10013", "contactEmail": "inquiries@nyaa.edu", "state": "NY", "street": "111 Franklin Street", "ticketUrl": " ", "In_group_id": " ", "organization": "New York Academy of Art", "eventWebsite": "https://nyaa.edu/how-artists-wear-multiple-hats/", "eventFlink": "https://www.facebook.com/NewYorkAcademyofArt/", "eventImage": "https://nyaa.edu/wp-content/uploads/2018/01/Jean-Shin.jpg", "description": " lives in Brooklyn, NY. She earned a B.A. from Wellesley College and an M.F.A. from The Mason Gross School of the Arts at Rutgers University. Julia Kunin\u2019s work is represented by Sandra Gering Inc. Ga"},
{"city": "New York", "startTime": "1 pm", "eventTlink": "https://twitter.com/nyacademyofart", "eventIlink": "https://www.instagram.com/nyacademyofart/", "title": "Sustaining a Creative Life for Artists: A Conversation about WAGE with Lise Soskolne", "dateFrom": "20/02/2018", "zipCode": "10013", "contactEmail": "inquiries@nyaa.edu", "state": "NY", "street": "111 Franklin Street", "ticketUrl": " ", "In_group_id": " ", "organization": "New York Academy of Art", "eventWebsite": "https://nyaa.edu/sustaining-a-creative-life-for-artists-a-conversation-about-wage-with-lise-soskolne/", "eventFlink": "https://www.facebook.com/NewYorkAcademyofArt/", "eventImage": "https://nyaa.edu/wp-content/uploads/2018/01/Lise-Soskolne.jpg", "description": " is an artist and core organizer of Working Artists and the Greater Economy (W.A.G.E.), a New York-based activist organization whose mission is to establish sustainable economic relationships between "}
]