[
{"city": "New York", "eventWebsite": "https://theassemblage.spaces.nexudus.com/en/events/view/513220708/the-regeneration-shifting-from-fear-to-opportunity", "description": "Environmentalists are often regarded as people wanting to stop one thing or another and there are surely lots of things that ought to be stopped. The climate change conversation is always \"halt this, stop that.\" Let's talk about new beginnings and reframe the problem as an opportunity. How do we move from fear to action to fearlessness?\u00a0", "title": "The Regeneration: Shifting from Fear to Opportunity", "dateFrom": "12/19/2017", "zipCode": "10010", "contactEmail": "info@theassemblage.com", "state": "NY", "street": "114 East 25th Street", "location": "https://www.google.co.uk/maps/place/114+E.+25th+St.", "startTime": "7:00 PM", "In_group_id": " ", "organization": "The Assemblage - Nomad", "endTime": "9:00 PM", "eventFlink": "https://www.facebook.com/events/386483018461036/", "eventImage": "https://theassemblage.spaces.nexudus.com/en/events/getlargeimage?id=513220708&w=1500?t=The Regeneration: Shifting from Fear to Opportunity", "ticketUrl": "https://theassemblage.spaces.nexudus.com/en/events/tickets/513220708/the-regeneration-shifting-from-fear-to-opportunity"}
]